"Borowiec2015.Best108"	"Chang2015.Chang_AA"	"Dunn2008.Dunn2008_FixedNames"	"Hejnol2009.Hejnol_etal_2009_FixedNames"	"Laumer2018.Tplx_phylo_d1"	"Laumer2019.nonbilateria_MARE_BMGE"	"Moroz2014.ED3d"	"Nosenko2013.nonribosomal_9187_smatrix"	"Nosenko2013.ribosomal_14615_smatrix"	"Philippe2009.Philippe_etal_superalignment_FixedNames"	"Philippe2011.UPDUNN_MB_FixedNames"	"Pick2010.Pick2010"	"Ryan2013.REA_EST_includingXenoturbella"	"Simion2017.supermatrix_97sp_401632pos_1719genes"	"Whelan2015.Dataset10_CertainPruned_LBAtaxa_LBAandHeteroGenesPruned"	"Whelan2017.Metazoa_Choano_RCFV_strict"
"Acropora"	"Acanthoeca_like_sp_10tr"	"Acanthoscurria_gomesiana"	"Acanthoscurria_gomesiana"	"ACOE_Isop"	"ANNE_Ctel"	"ACAL"	"Acropor_hy"	"Acropor_hy"	"Acropora_millepora"	"Acanthoscurria_gomesiana"	"Acanthoscu"	"Acropora_millepora"	"Abeoforma_whisleri"	"Abylopsis_tetragona"	"Abylopsis_tetragona"
"Acyrthosiphon"	"Acropora_cervicornis"	"Acropora_millepora"	"Acropora_millepora"	"ANNE_Ctel"	"BRAC_Ttvs"	"ADIG"	"Acropor_mi"	"Acropor_mi"	"AllomycesXmacrogynus"	"Acropora_millepora"	"Acropora_m"	"Acropora_palmata"	"Acanthoeca_sp._10tr"	"Acropora_digitifera"	"Acanthoeca_sp"
"Amphimedon"	"Aiptasia_pallida"	"Amoebidium_parasiticum"	"Amoebidium_parasiticum"	"ARTH_Dmel"	"CEPH_Bflo"	"AIPT"	"Acropor_pa"	"Acropor_pa"	"Amoebidium_parasiticum"	"Amoebidium_parasiticum"	"Amoebidium"	"Aiptasia_pallida"	"Acanthoeca_spectabilis_VA_02"	"Agalma_elegans"	"Acropora_digitifera"
"Anolis"	"Amoebidium_parasiticum_JAP72"	"Anoplodactylus_eroticus"	"Amphimedon_queenslandica"	"BRAC_Lana"	"CNID_Adig"	"AQUE"	"Allomyc_ma"	"Allomyc_ma"	"Anoplodactylus_eroticus"	"Anoplodactylus_eroticus"	"Amphimedon"	"Amphimedon_queenslandica"	"Stephanoeca_diplocostata_AUFR"	"Aiptasia_pallida"	"Agalma_elegans"
"Apis"	"Amphimedon_queenslandica"	"Aplysia_californica"	"Anoplodactylus_eroticus"	"CNID_Aala"	"CNID_Atet"	"AVAS"	"Amoebid_pa"	"Amoebid_pa"	"AplysiaXcalifornica"	"Aplysia_californica"	"Anemonia_v"	"Anemonia_viridis"	"Diaphanoeca_grandis_RI_01"	"Allomyces_macrogynus"	"Aiptasia_pallida"
"Bombus"	"Aphrocallistes_vastus"	"Argopecten_irradians"	"Aplysia_californica"	"CNID_Adig"	"CNID_Csow"	"AVIR"	"Amphime_qu"	"Amphime_qu"	"Batrachochytrium_dendrobatidis"	"Argopecten_irradians"	"Anoplodact"	"Anoplodactylus_eroticus"	"Didymoeca_costata_10"	"Amoebidium_parasiticum"	"Amphimedon_queenslandica"
"Branchiostoma"	"Aurelia_aurita"	"Asterina_pectinifera"	"Argopecten_irradians"	"CNID_Aplm"	"CNID_Gven"	"BCUC"	"Anoplod_er"	"Anoplod_er"	"Branchiostoma_floridae"	"Asterina_pectinifera"	"Aplysia_ca"	"Asterina_pectinifera"	"Salpingoeca_dolichothecata_16"	"Amphimedon_queenslandica"	"Aphrocallistes_vastus"
"Brugia"	"Beroe_moroz"	"Biomphalaria_glabrata"	"Asterina_pectinifera"	"CNID_Atet"	"CNID_Hvul"	"BFLO"	"Aphroca_va"	"Aphroca_va"	"Capitella_sp__i_ecs-2004"	"Biomphalaria_glabrata"	"Argopecten"	"Boophilus_microplus"	"Choanoeca_perplexa_11"	"Aphrocallistes_vastus"	"Beroe_abyssicola"
"Caenorhabditis"	"Bolocera_tuediae"	"Boophilus_microplus"	"Biomphalaria_glabrata"	"CNID_Csow"	"CNID_Nvec"	"BINF"	"Aplysia_ca"	"Aplysia_ca"	"Capsaspora_owczarzaki"	"Boophilus_microplus"	"Asterina_p"	"Branchiostoma_floridae"	"Monosiga_brevicollis_mx1"	"Aurelia_aurita"	"Beroe_forskalii"
"Capitella"	"Botryllus_schlosseri"	"Branchiostoma_floridae"	"Boophilus_microplus"	"CNID_Epal"	"CNID_Phyd"	"CFOL"	"Asbesto_sp"	"Asbesto_sp"	"Carteriospongia_foliascens"	"Brachionus_plicatilis"	"Biomphalar"	"Capitella_telata"	"Salpingoeca_infusionum_12"	"Beroe_abyssicola"	"Beroe_ovata"
"Ciona"	"Branchiostoma_floridae"	"Capitella_sp"	"Brachionus_plicatilis"	"CNID_Gven"	"CNID_Smel"	"CGIG"	"Astrosc_wi"	"Astrosc_wi"	"CionaXsavignyi"	"Branchiostoma_floridae"	"Boophilus_"	"Carteriospongia_foliascens"	"Salpingoeca_roanoka_13"	"Bolinopsis_infundibulum"	"Beroe_sp_Antarctica"
"Danaus"	"Buddenbrockia_plumatellae"	"Capsaspora_owczarzaki"	"Branchiostoma_floridae"	"CNID_Hvul"	"CRAN_Mmus"	"CHEM"	"Batrach_de"	"Batrach_de"	"ClytiaXhemisphaerica"	"Bugula_neritina"	"Branchiost"	"Cerebratulus_lacteus"	"Salpingoeca_rosetta"	"Bolocera_tuediae"	"Beroe_sp_Queensland_Australia"
"Daphnia"	"Capitella_teleta"	"Carcinoscorpius_rotundicauda"	"Bugula_neritina"	"CNID_Lcmp"	"CTEN_Baby"	"CINT"	"Beroe_sp__"	"Beroe_sp__"	"Crassostrea_gigas"	"Capitella_sp__i_ecs-2004"	"Capitella_"	"Ciona_intestinalis"	"Mylnosiga_fluctuans_19"	"Capitella_teleta"	"Bolinopsis_ashleyi"
"Drosophila"	"Capsaspora_owczarzaki_atcc30864"	"Carcinus_maenas"	"Capitella_sp"	"CNID_Ltet"	"CTEN_Edun"	"COEL"	"Branchi_fl"	"Branchi_fl"	"CyaneaXcapillata"	"Capsaspora_owczarzaki"	"Capsaspora"	"Clytia_hemisphaerica"	"Salpingoeca_helianthica_18"	"Capsaspora_owczarzaki"	"Bolinopsis_infundibulum"
"Fugu"	"Chondrilla_nucula"	"Carinoma_mutabilis"	"Capsaspora_owczarzaki"	"CNID_Nvec"	"CTEN_Mlei"	"CTEL"	"Capitel_sp"	"Capitel_sp"	"Danio_rerio"	"Carcinoscorpius_rotundicauda"	"Carcinosco"	"Convolutriloba_longifissura"	"Salpingoeca_macrocollata_06"	"Chondrilla_nucula"	"Bolocera_tuediae"
"Gallus"	"Ciona_intestinalis"	"Cerebratulus_lacteus"	"Carcinoscorpius_rotundicauda"	"CNID_Pnct"	"CTEN_Pbac"	"DGLA"	"Capsasp_ow"	"Capsasp_ow"	"DaphniaXpulex"	"Carcinus_maenas"	"Carinoma_m"	"Crassostrea_virginica"	"Salpingoeca_punica_03"	"Coeloplana_astericola"	"Callianira_Antarctica"
"Gasterosteus"	"Clytia_hemisphaerica"	"Chaetoderma_nitidulum"	"Carcinus_maenas"	"CNID_Smel"	"CTEN_Vmul"	"DMEL"	"Carteri_fo"	"Carteri_fo"	"Ephydatia_muelleri"	"Carinoma_mutabilis"	"Carteriosp"	"Cyanea_capillata"	"Salpingoeca_qvevrii_09"	"Corticium_candelabrum"	"Capitella_teleta"
"Homo"	"Corticium_candelabrum"	"Chaetopleura_apiculata"	"Carinoma_mutabilis"	"CRAN_Mmus"	"ECHI_Spur"	"DPUL"	"Ciona_inte"	"Ciona_inte"	"Euperipatoides_kanangrensis"	"Cerebratulus_lacteus"	"Cerebratul"	"Daphnia_pulex"	"Salpingoeca_urceolata_04"	"Craseoa_lathetica"	"Cestum_veneris"
"Hydra"	"Craspedacusta_sowerbyi"	"Chaetopterus_variopedatus"	"Cerebratulus_lacteus"	"CTEN_Baby"	"MOLL_Lott"	"EDUN"	"Clytia_hem"	"Clytia_hem"	"Euprymna_scolopes"	"Chaetoderma_nitidulum"	"Chaetoderm"	"Drosophila_melanogaster"	"Codosiga_hollandica_17"	"Crella_elegans"	"Chondrilla_nucula"
"Ixodes"	"Crassostrea_gigas"	"Ciona_intestinalis"	"Chaetoderma_nitidulum"	"CTEN_Cmet"	"ONYC_Peri"	"EMUE"	"Corticium_"	"Corticium_"	"Helobdella_robusta"	"Chaetopleura_apiculata"	"Chaetopleu"	"Echinoderes_horni"	"Aiptasia_pallida"	"Danio_rerio"	"Cliona_varians"
"Latimeria"	"Cyanea_capillata"	"Crassostrea_virginica"	"Chaetopleura_apiculata"	"CTEN_Edun"	"OUTC_Mbre"	"GVEN"	"Crassos_gi"	"Crassos_gi"	"Heterochone_sp"	"Chaetopterus_sp"	"Chaetopter"	"Ephydatia_muelleri"	"Bolocera_tuedia"	"Daphnia_pulex"	"Coeloplana_astericola"
"Lottia"	"Daphnia_pulex"	"Cryptococcus_neoformans"	"Chaetopterus_sp"	"CTEN_Mlei"	"OUTC_Sros"	"HCAL"	"Cratero_me"	"Cratero_me"	"Hydractinia_echinata"	"Ciona_intestinalis"	"Ciona_inte"	"Euperipatoides_kanangrensis"	"Edwardsiella_lineata"	"Drosophila_melanogaster"	"Corticium_candelabrum"
"Mnemiopsis"	"Ectopleura_larynx"	"Cyanea_capillata"	"Ciona_intestinalis"	"CTEN_Pbac"	"OUTF_Amac"	"HECH"	"Cyanea_cap"	"Cyanea_cap"	"HydraXmagnipapillata"	"Crassostrea_gigas"	"Clytia_hem"	"Euprymna_scolopes"	"Nematostella_vectensis"	"Dryodora_glandiformis"	"Craseo_lathetica"
"Monosiga"	"Edwardsiella_lineata"	"Daphnia_magna"	"Convoluta_pulchra"	"CTEN_Vmul"	"OUTF_Foxy"	"HSAP"	"Danio_reri"	"Danio_reri"	"IxodesXscapularis"	"Cristatella_mucedo"	"Crassostre"	"Gallus_gallus"	"Antipathes_caribbeana"	"Ephydatia_muelleri"	"Crella_elegans"
"Nematostella"	"Enteromyxum_leei"	"Drosophila_melanogaster"	"Convolutriloba_longifissura"	"ECHI_Spur"	"OUTF_Mver"	"HVUL"	"Daphnia_pu"	"Daphnia_pu"	"LeucettaXchagosensis"	"Cryptococcus_neoformans"	"Crateromor"	"Halocynthia_roretzi"	"Plumapathes_pennacea"	"Eunicella_verrucosa"	"Ctenophora_sp_Florida_USA"
"Oikopleura"	"Ephydatia_muelleri"	"Dugesia_japonica"	"Crassostrea_virginica"	"MICR_Limn"	"OUTF_Rall"	"ISCA"	"Ephydat_mu"	"Ephydat_mu"	"mertensiid_sp"	"Cyanea_capillata"	"Cyanea_cap"	"Helobdella_robusta"	"Montastraea_faveolata"	"Euplokamis_dunlapae"	"Cydippida_sp"
"Pinctada"	"Eunicella_cavolinii"	"Echinococcus_granulosus"	"Cristatella_mucedo"	"MOLL_Cgig"	"OUTF_Rsol"	"LCHA"	"Euprymn_sc"	"Euprymn_sc"	"Metridium_senile"	"Daphnia_pulex"	"Daphnia_pu"	"Hydra_magnipapillata"	"Porites_australiensis"	"Hemithiris_psittacea"	"Cydippida_sp_Maryland_USA"
"Rhodnius"	"Euplectella_aspergillum"	"Echinoderes_horni"	"Cryptococcus_neoformans"	"NEMA_Ppac"	"OUTF_Spun"	"LGIG"	"Helobde_ro"	"Helobde_ro"	"Mnemiopsis_leidyi"	"Drosophila_melanogaster"	"Drosophila"	"Hydractinia_echinata"	"Gorgonia_ventalina"	"Homo_sapiens"	"Daphnia_pulex"
"Saccoglossus"	"Euplokamis_dunlapae"	"Euperipatoides_kanangrensis"	"Cyanea_capillata"	"NEMO_Nemw"	"OUTI_Apar"	"MBRE"	"Heteroc_ca"	"Heteroc_ca"	"Molgula_tectiformis"	"Dugesia_japonica"	"Dugesia_ja"	"Isodiametra_pulchra"	"Pennatula_rubra"	"Hormathia_digitata"	"Drosophila_melanogaster"
"Salpingoeca"	"Gorgonia_ventalina"	"Euprymna_scolopes"	"Daphnia_pulex"	"OUTC_Aspc"	"OUTI_Cowc"	"MERT"	"Hydra_magn"	"Hydra_magn"	"MonosigaXbrevicollis"	"Echinococcus_granulosus"	"Echinococc"	"Leucetta_chagosensis"	"Alatina_alata"	"Hyalonema_populiferum"	"Dryodora_glandiformis"
"Strigamia"	"Helobdella_robusta"	"Fenneropenaeus_chinensis"	"Diplosoma_listerianum"	"OUTC_Chol"	"OUTI_Falb"	"MLEI"	"Hydra_vulg"	"Hydra_vulg"	"MonosigaXovata"	"Echinoderes_horni"	"Echinodere"	"Lottia_gigantea"	"Atolla_vanhoeffeni"	"Hydra_oligactis"	"Eunicella_verrucosa"
"Strongylocentrotus"	"Homo_sapiens"	"Gallus_gallus"	"Drosophila_melanogaster"	"OUTC_Dcos"	"OUTI_Mvar"	"MOVA"	"Hydract_ec"	"Hydract_ec"	"Montastraea_faveolata"	"Euperipatoides_kanangrensis"	"Ephydatia_"	"Lubomirskia_baicalensis"	"Periphylla_periphylla"	"Hydra_viridissima"	"Euplokamis_dunlapae"
"Tetranychus"	"Hormathia_digitata"	"Haementeria_depressa"	"Dugesia_japonica"	"OUTC_Mbre"	"OUTI_Sart"	"NVEC"	"Ixodes_sca"	"Ixodes_sca"	"NasoniaXvitripennis"	"Euprymna_scolopes"	"Euperipato"	"Meara_stichopi"	"Aurelia_aurita"	"Hydra_vulgaris"	"Eurhamphaea_vexilligera"
"Tribolium"	"Hydra_magnipapillata"	"Homo_sapiens"	"Echinococcus_granulosus"	"OUTC_Sdol"	"OUTI_Ttra"	"OCAR"	"Leucett_ch"	"Leucett_ch"	"Nematostella_vectensis"	"Fenneropenaeus_chinensis"	"Euprymna_s"	"Mertensiid_sp"	"Stomolophus_meleagris"	"Ircinia_fasciculata"	"Hemithris_psittacea"
"Trichoplax"	"Hydractinia_polyclina"	"Hydra_magnipapillata"	"Echinoderes_horni"	"OUTC_Smac"	"PLAC_Tadh"	"OMIN"	"Leucoso_sp"	"Leucoso_sp"	"OopsacasXminuta"	"Flaccisagitta_enflata"	"Gallus_gal"	"Metridium_senile"	"Pelagia_noctiluca"	"Kirkpatrickia_variolosa"	"Homo_sapiens"
"Xenopus"	"Ilyanassa_obsoleta"	"Hydractinia_echinata"	"Epiperipatus_sp"	"OUTC_Sros"	"PORI_Aque"	"PAST"	"Lubomir_ba"	"Lubomir_ba"	"Oscarella_carmela"	"Gallus_gallus"	"Haementeri"	"Mnemiopsis_leidyi"	"Lucernariopsis_campanulata"	"Latrunculia_apicalis"	"Hormathia_digitata"
NA	"Ircinia_fasciculata"	"Hypsibius_dujardini"	"Euperipatoides_kanangrensis"	"PLAC_Tadh"	"PORI_Avas"	"PATL"	"Mertens_sp"	"Mertens_sp"	"Pedicellina_cernua"	"Gnathostomula_peregrina"	"Heterochon"	"Monosiga_brevicollis"	"Clytia_hemisphaerica"	"Lithobius_forficatus"	"Hormiphora_californica"
NA	"Ixodes_scapularis"	"Lumbricus_rubellus"	"Euprymna_scolopes"	"PLAC_TH11"	"PORI_Ccan"	"PBAC"	"Metridi_se"	"Metridi_se"	"PediculusXhumanus"	"Haementeria_depressa"	"Homarus_am"	"Monosiga_ovata"	"Hydractinia_polyclina"	"Lottia_gigantea"	"Hormiphora_palmata"
NA	"Kudoa_iwatai"	"Macrostomum_lignano"	"Fenneropenaeus_chinensis"	"PLAC_TpH4"	"PORI_Ccla"	"PCAR"	"Mnemiop_le"	"Mnemiop_le"	"Petromyzon_marinus"	"Homo_sapiens"	"Homo_sapie"	"Montastraea_faveolata"	"Nanomia_bijuga"	"Mertensiidae_sp"	"Hyalonema_populiferum"
NA	"Latimeria_menadoensis"	"Mertensiid_sp"	"Flaccisagitta_enflata"	"PLAC_TpH6"	"PORI_Cele"	"PPIL"	"Molgula_te"	"Molgula_te"	"Phycomyces_blakesleeanus"	"Hydra_magnipapillata"	"Hydra_magn"	"Nematostella_vectensis"	"Hydra_magnipapillata"	"Ministeria_vibrans"	"Hydra_oligactis"
NA	"Leucetta_chagosensis"	"Mnemiopsis_leidyi"	"Gallus_gallus"	"PLAT_Sman"	"PORI_Cnuc"	"SCOA"	"Monosig_br"	"Monosig_br"	"Pleurobrachia_pileus"	"Hydractinia_echinata"	"Hydractini"	"Nemertoderma_westbladi"	"Craspedacusta_sowerbyi"	"Mnemiopsis_leidyi"	"Hydra_viridissima"
NA	"Ministeria_vibrans_atcc50519"	"Monosiga_ovata"	"Gnathostomula_peregrina"	"PORI_Aque"	"PORI_Cvar"	"SKOW"	"Monosig_ov"	"Monosig_ov"	"Podocoryne_carnea"	"Hypsibius_dujardini"	"Hypsibius_"	"Oopsacas_minuta"	"Liriope_tetraphylla"	"Monosiga_ovata"	"Hydra_vulgaris"
NA	"Mnemiopsis_leidyi"	"Mytilus_galloprovincialis"	"Haementeria_depressa"	"PORI_Ccan"	"PORI_Ifas"	"SPUR"	"Montast_fa"	"Montast_fa"	"Proterospongia_sp"	"Lumbricus_rubellus"	"Leucetta_c"	"Oscarella_carmela"	"Aplysia_californica"	"Mortierella_verticillata"	"Ircinia_fasciculata"
NA	"Monosiga_brevicollis_mx1"	"Nematostella_vectensis"	"Halocynthia_roretzi"	"PORI_Ccor"	"PORI_Ocar"	"SROS"	"Nasonia_vi"	"Nasonia_vi"	"RenieraXsp"	"Macrostomum_lignano"	"Litopenaeu"	"Oscarella_lobularis"	"Crassostrea_gigas"	"Nanomia_bijuga"	"Kirkpatrickia_variolosa"
NA	"Monosiga_ovata"	"Oscarella_carmela"	"Helobdella_robusta"	"PORI_Cele"	"PORI_Pfic"	"TADH"	"Nematos_ve"	"Nematos_ve"	"RhizopusXoryzae"	"mertensiid_sp"	"Lubomirski"	"Paraplanocera_oligoglena"	"Capitella_teleta"	"Nematostella_vectensis"	"Latrunculia_apicalis"
NA	"Montastraea_faveolata"	"Paraplanocera_oligoglena"	"Homo_sapiens"	"PORI_Cnuc"	"PORI_Psub"	"VALL"	"Oopsacas_m"	"Oopsacas_m"	"Saccoglossus_kowalevskii"	"Mnemiopsis_leidyi"	"Lumbricus_"	"Petromyzon_marinus"	"Helobdella_robusta"	"Oscarella_carmela"	"Lobata_sp_Punta_Arenas_Argentina"
NA	"Myxobolus_cerebralis"	"Phoronis_vancouverensis"	"Hydra_magnipapillata"	"PORI_Cvar"	"PORI_Scil"	NA	"Oscarel_ca"	"Oscarel_ca"	"ScutigeraXcoleoptrata"	"Monosiga_ovata"	"Macrostomu"	"Pleurobrachia_pileus"	"Daphnia_pulex"	"Periphylla_periphylla"	"Lobatolampea_tetragona"
NA	"Nanomia_bijuga"	"Platynereis_dumerilii"	"Hydractinia_echinata"	"PORI_Easp"	"PORI_Scoa"	NA	"Oscarel_lo"	"Oscarel_lo"	"Sphaeroforma_arctica"	"Mytilus_galloprovincialis"	"mertensiid"	"Podocoryna_carnea"	"Tribolium_castaneum"	"Petromyzon_marinus"	"Mertensiidae_sp_Antarctica"
NA	"Nasonia_vitripennis"	"Priapulus_caudatus"	"Hypsibius_dujardini"	"PORI_Ifas"	"PORI_Slac"	NA	"Oscarel_sp"	"Oscarel_sp"	"Spizellomyces_punctatus"	"Myzostoma_seymourcollegiorum"	"Metridium_"	"Porites_astreoides"	"Ixodes_scapularis"	"Petrosia_ficiformis"	"Mertensiidae_sp_Washington_USA"
NA	"Nematostella_vectensis"	"Ptychodera_flava"	"Lottia_gigantea"	"PORI_Lcom"	"PRIA_Pcau"	NA	"Pachydi_gl"	"Pachydi_gl"	"Strongylocentrotus_purpuratus"	"Nematostella_vectensis"	"Mnemiopsis"	"Ptychodera_flava"	"Branchiostoma_floridae"	"Physalia_physalis"	"Mnemiopsis_leidyi"
NA	"Octopus_vulgaris"	"Richtersius_coronifer"	"Lumbricus_rubellus"	"PORI_Ocar"	"XENO_XbJC"	NA	"Pedicel_ce"	"Pedicel_ce"	"Suberites_domuncula"	"Neochildia_fusca"	"Monosiga_b"	"Saccoglossus_kowalevskii"	"Homo_sapiens"	"Platygyra_carnosa"	"Monosiga_brevicolis"
NA	"Oscarella_carmela"	"Saccharomyces_cerevisiae"	"Macrostomum_lignano"	"PORI_Pfic"	NA	NA	"Pedicul_hu"	"Pedicul_hu"	"SyconXraphanus"	"Oscarella_carmela"	"Monosiga00"	"Salpingoeca_rosetta"	"Saccoglossus_kowalevskii"	"Pleurobrachia_atlantica"	"Monosiga_ovata"
NA	"Oscarella_sp_sn2011"	"Saccoglossus_kowalevskii"	"Meara_stichopi"	"PORI_Scil"	NA	NA	"Petromy_ma"	"Petromy_ma"	"Trichoplax_adhaerens"	"Paraplanocera_sp"	"Montastrae"	"Schmidtea_mediterranea"	"Strongylocentrotus_purpuratus"	"Pleurobrachia_bachei"	"Mycale_phylophylla"
NA	"Patiria_miniata"	"Schmidtea_mediterranea"	"Mertensiid_sp"	"PORI_Scoa"	NA	NA	"Phycomy_bl"	"Phycomy_bl"	"TubifexXtubifex"	"Pedicellina_cernua"	"Mytilus_ga"	"Strongylocentrotus_purpuratus"	"Trichoplax_adhaerens"	"Priapulus_caudatus"	"Nanomia_bijuga"
NA	"Pediculus_humanus_corporis"	"Scutigera_coleoptrata"	"Mnemiopsis_leidyi"	"PORI_Slac"	NA	NA	"Pleurob_pi"	"Pleurob_pi"	"Xenoturbella_bocki"	"Philodina_roseola"	"Nematostel"	"Suberites_domuncula"	"Amphimedon_queenslandica"	"Pseudospongosorites_suberitoides"	"Nematostella_vectensis"
NA	"Petromyzon_marinus"	"Sphaeroforma_arctica"	"Monosiga_brevicollis"	"PORI_Snux"	NA	NA	"Podocor_ca"	"Podocor_ca"	NA	"Phoronis_vancouverensis"	"Oopsacas_m"	"Sycon_raphanus"	"Petrosia_ficiformis"	"Rhizopus_oryzae"	"Ocyropsis_crystallina"
NA	"Petrosia_ficiformis"	"Spinochordodes_tellinii"	"Monosiga_ovata"	"PRIA_Pcau"	NA	NA	"Porites___"	"Porites___"	NA	"Platynereis_dumerilii"	"Oscarell00"	"Symsagittifera_roscoffensis"	"Ephydatia_muelleri"	"Rossella_fibulata"	"Ocyropsis_sp_Bimini_Bahamas"
NA	"Pleurobrachia_pileus"	"Strongylocentrotus_purpuratus"	"Mytilus_galloprovincialis"	"TARD_Rvar"	NA	NA	"Protero_sp"	"Protero_sp"	NA	"Priapulus_caudatus"	"Oscarella_"	"Terebratalia_transversa"	"Spongilla_lacustris"	"Saccoglossus_kowalevskii"	"Ocyropsis_sp_Florida_USA"
NA	"Pocillopora_damicornis"	"Terebratalia_transversa"	"Myzostoma_seymourcollegiorum"	"XENO_XbJC"	NA	NA	"Saccogl_ko"	"Saccogl_ko"	NA	"Ptychodera_flava"	"Pachydicty"	"Trichoplax_adhaerens"	"Kirkpatrickia_variolosa"	"Salpingoeca_rosetta"	"Oscarella_carmela"
NA	"Polypodium_hydriforme"	"Themiste_lageniformis"	"Nematostella_vectensis"	NA	NA	NA	"Scutige_co"	"Scutige_co"	NA	"Reniera_sp"	"Paraplanoc"	"Xenoturbella_bocki"	"Latrunculia_apicalis"	"Sphaeroforma_arctica"	"Periphyla_periphyla"
NA	"Porites_australiensis"	"Trichinella_spiralis"	"Nemertoderma_westbladi"	NA	NA	NA	"Sphaero_ar"	"Sphaero_ar"	NA	"Richtersius_coronifer"	"Phoronis_v"	"Xiphinema_index"	"Mycale_phyllophila"	"Spizellomyces_punctatus"	"Petrosia_ficiformis"
NA	"Saccoglossus_kowalevskii"	"Urechis_caupo"	"Neochildia_fusca"	NA	NA	NA	"Spizell_pu"	"Spizell_pu"	NA	"Saccharomyces_cerevisiae"	"Platynerei"	NA	"Chondrilla_nucula"	"Spongilla_alba"	"Physalia_physalia"
NA	"Salpingoeca_sp_atcc50818"	"Xenoturbella_bocki"	"Onychiurus_arcticus"	NA	NA	NA	"Strongy_pu"	"Strongy_pu"	NA	"Saccoglossus_kowalevskii"	"Pleurobrac"	NA	"Ircinia_fasciculata"	"Strongylocentrotus_purpuratus"	"Pleurobrachia_bachei"
NA	"Sphaeroforma_arctica_jp610"	"Xiphinema_index"	"Oscarella_carmela"	NA	NA	NA	"Suberit_do"	"Suberit_do"	NA	"Schmidtea_mediterranea"	"Podocoryne"	NA	"Pleraplysilla_spinifera"	"Sycon_ciliatum"	"Pleurobrachia_pileus"
NA	"Sphaeromyxa_zaharoni"	NA	"Paraplanocera_sp"	NA	NA	NA	"Sycon_cili"	"Suberit_fu"	NA	"Scutigera_coleoptrata"	"Priapulus_"	NA	"Aphrocallistes_vastus"	"Sycon_coactum"	"Pleurobrachia_sp_South_Carolina_USA"
NA	"Stephanoeca_diplocostata"	NA	"Pedicellina_cernua"	NA	NA	NA	"Sycon_raph"	"Sycon_raph"	NA	"Spadella_cephaloptera"	"Proterospo"	NA	"Euplectella_aspergillum"	"Sympagella_nux"	"Pseudospongosorites_suberitoides"
NA	"Stomolophus_meleagris"	NA	"Pedicellina_sp"	NA	NA	NA	"Tethya_wil"	"Tethya_wil"	NA	"Sphaeroforma_arctica"	"Ptychodera"	NA	"Rossella_fibulata"	"Tethya_wilhelma"	"Rossella_fibulata"
NA	"Strigamia_maritima"	NA	"Philodina_roseola"	NA	NA	NA	"Trichop_ad"	"Trichop_ad"	NA	"Spinochordodes_tellinii"	"Richtersiu"	NA	"Sympagella_nux"	"Trichoplax_adhaerens"	"Salpingoeca_pyxidium"
NA	"Strongylocentrotus_purpuratus"	NA	"Phoronis_vancouverensis"	NA	NA	NA	"Trichop_H4"	"Trichop_H4"	NA	"Strongylocentrotus_purpuratus"	"Saccogloss"	NA	"Hyalonema_populiferum"	"Tubulanus_polymorphus"	"Salpingoeca_rosetta"
NA	"Sycon_ciliatum"	NA	"Platynereis_dumerilii"	NA	NA	NA	"Tubifex_tu"	"Tubifex_tu"	NA	"Symsagittifera_roscoffensis"	"Schmidtea_"	NA	"Clathrina_coriacea"	"Vallicula_sp"	"Spongilla_lacustris"
NA	"Sycon_coactum"	NA	"Pleurobrachia_pileus"	NA	NA	NA	"Xenotur_bo"	"Xenotur_bo"	NA	"Terebratalia_transversa"	"Scutigera_"	NA	"Grantia_compressa"	NA	"Strongylocentrotus_purpatus"
NA	"Tetracapsuloides_bryosalmonae"	NA	"Priapulus_caudatus"	NA	NA	NA	NA	NA	NA	"Themiste_lageniformis"	"Sphaerofor"	NA	"Sycon_ciliatum"	NA	"Sycon_ciliatum"
NA	"Thelohanellus_kitauei"	NA	"Ptychodera_flava"	NA	NA	NA	NA	NA	NA	"Trichinella_spiralis"	"Spinochord"	NA	"Sycon_coactum"	NA	"Sycon_coactum"
NA	"Trichoplax_adhaerens"	NA	"Richtersius_coronifer"	NA	NA	NA	NA	NA	NA	"Turbanella_ambronensis"	"Strongyloc"	NA	"Leuconia_nivea"	NA	"Sympagella_nux"
NA	"Tripedalia_cystophora"	NA	"Saccharomyces_cerevisiae"	NA	NA	NA	NA	NA	NA	"Urechis_caupo"	"Suberites_"	NA	"Leucosolenia_complicata"	NA	"Trichoplax_adhaerens"
NA	"Urticina_eques"	NA	"Saccoglossus_kowalevskii"	NA	NA	NA	NA	NA	NA	"Xenoturbella_bocki"	"Sycon_raph"	NA	"Corticium_candelabrum"	NA	"Vallicula_sp"
NA	"Vallicula_multiformis"	NA	"Schmidtea_mediterranea"	NA	NA	NA	NA	NA	NA	"Xiphinema_index"	"Terebratal"	NA	"Plakina_jani"	NA	NA
NA	NA	NA	"Scutigera_coleoptrata"	NA	NA	NA	NA	NA	NA	NA	"Themiste_l"	NA	"Oscarella_carmela"	NA	NA
NA	NA	NA	"Spadella_cephaloptera"	NA	NA	NA	NA	NA	NA	NA	"Trichinell"	NA	"Oscarella_species"	NA	NA
NA	NA	NA	"Sphaeroforma_arctica"	NA	NA	NA	NA	NA	NA	NA	"Trichoplax"	NA	"Beroe_abyssicola"	NA	NA
NA	NA	NA	"Spinochordodes_tellinii"	NA	NA	NA	NA	NA	NA	NA	"Urechis_ca"	NA	"Beroe_sp."	NA	NA
NA	NA	NA	"Strongylocentrotus_purpuratus"	NA	NA	NA	NA	NA	NA	NA	"Xenoturbel"	NA	"Bolinopsis_infundibulum"	NA	NA
NA	NA	NA	"Suberites_domuncula"	NA	NA	NA	NA	NA	NA	NA	"Xiphinema_"	NA	"Cestum_veneris"	NA	NA
NA	NA	NA	"Symbion_pandora"	NA	NA	NA	NA	NA	NA	NA	NA	NA	"Mnemiopsis_leidyi"	NA	NA
NA	NA	NA	"Symsagittifera_roscoffensis"	NA	NA	NA	NA	NA	NA	NA	NA	NA	"Dryodora_glandiformis"	NA	NA
NA	NA	NA	"Taenia_solium"	NA	NA	NA	NA	NA	NA	NA	NA	NA	"Hormiphora_californensis"	NA	NA
NA	NA	NA	"Terebratalia_transversa"	NA	NA	NA	NA	NA	NA	NA	NA	NA	"Pleurobrachia_species"	NA	NA
NA	NA	NA	"Themiste_lageniformis"	NA	NA	NA	NA	NA	NA	NA	NA	NA	"Lampea_pancerina"	NA	NA
NA	NA	NA	"Trichinella_spiralis"	NA	NA	NA	NA	NA	NA	NA	NA	NA	"Coeloplana_species"	NA	NA
NA	NA	NA	"Trichoplax_adhaerens"	NA	NA	NA	NA	NA	NA	NA	NA	NA	"Vallicula_multiformis"	NA	NA
NA	NA	NA	"Turbanella_ambronensis"	NA	NA	NA	NA	NA	NA	NA	NA	NA	"Euplokamis_dunlapae"	NA	NA
NA	NA	NA	"Urechis_caupo"	NA	NA	NA	NA	NA	NA	NA	NA	NA	"Capsaspora_owczarzaki_atcc30864"	NA	NA
NA	NA	NA	"Xenoturbella_bocki"	NA	NA	NA	NA	NA	NA	NA	NA	NA	"Ministeria_vibrans"	NA	NA
NA	NA	NA	"Xiphinema_index"	NA	NA	NA	NA	NA	NA	NA	NA	NA	"Amoebidium_parasiticum_JAP72"	NA	NA
NA	NA	NA	NA	NA	NA	NA	NA	NA	NA	NA	NA	NA	"Creolimax_fragrantissima"	NA	NA
NA	NA	NA	NA	NA	NA	NA	NA	NA	NA	NA	NA	NA	"Sphaeroforma_arctica_JP610"	NA	NA
NA	NA	NA	NA	NA	NA	NA	NA	NA	NA	NA	NA	NA	"Pirum_gemmata"	NA	NA
